playlist_id,playlist_name,playlist_genre,playlist_subgenre
37i9dQZF1DXcZDD7cfEKhW,Pop Remix,pop,dance pop
37i9dQZF1DWZQaaqNMbbXa,Dance Pop,pop,dance pop
37i9dQZF1DX2ENAPP1Tyed,Dance Room,pop,dance pop
37i9dQZF1DWSJHnPb1f0X3,Cardio,pop,dance pop
37i9dQZF1DX6pH08wMhkaI,Dance Pop Hits,pop,dance pop
37i9dQZF1DX3PIAZMcbo2T,Pop Warmup 130 BPM,pop,dance pop
37i9dQZF1DXahYFr91pFvG,Dance Pop: Japan,pop,dance pop
37i9dQZF1DX4RDXswvP6Mj,K-Party Dance Mix,pop,dance pop
0B2HdP15IucgE0vk3sluJR,Dance Pop,pop,dance pop
4SdfG4cPG3skmTiQLozZGh,Dance Pop Tunes,pop,dance pop
6mXh8CUBMBsBUu88a4eAQV,Pop / Dance,pop,dance pop
2ji5tRQVfnhaX1w9FhmSzk,Todo Éxitos,pop,dance pop
50cXvxgMGrvoUeLhkzCyIO,90s Dance Hits,pop,dance pop
37i9dQZF1DWUUPO0Sbx2CM,Christian Dance Party,pop,dance pop
7eERKCkgNKCCx5GYdeMIZf,Pop Dance Hits,pop,dance pop
37i9dQZF1DXdOtZGKonFlM,Best of 2019 Dance Pop: Japan,pop,dance pop
37i9dQZF1DWTHM4kX49UKs,Ultimate Indie Presents... Best Indie Tracks of the 2010s,pop,dance pop
3arpkhoRWXEYbdCpVAIrRR,TUNES DANCE AND POP,pop,dance pop
4QAzO1Z92yqqD6Mf3mOANu,Pop Inglés (2020 - 2010s)💙 Música En Inglés 2010s,pop,dance pop
7316uT3vVzTidCI8cinBUv,ELETRIC POP & DANCE,pop,dance pop
46Cl6dmeiylK6TRGXr7hHe,Pop - Pop UK - 2019 - Canadian Pop - 2019 - Pop,pop,post-teen pop
10FCW9lj0NdeoYI5VVvVtY,The Sound of Post-Teen Pop,pop,post-teen pop
7jQHOrErpLMStcUUSavQWR,Post teen pop,pop,post-teen pop
1y42gwI5cuwjBslPyQNfqb,"post-teen alternative, indie, pop (large variety)",pop,post-teen pop
1YgWQAs1s77NzieIH4ARKn,Pop Punk | Post-Hardcore,pop,post-teen pop
222nc9tKxKhfZ2GBrOpwH3,Post pop teen,pop,post-teen pop
6o6MNYZqHSkMAKcCHPNu7K,Intro to Post-Teen Pop,pop,post-teen pop
6IT8LGpwLw3Pt2XnVUBN7j,🤩🤪Post Teen Pop🤪🤩,pop,post-teen pop
6IErGHjBfhey8URq0mFnPi,Someone You Loved Lewis Capaldi (Pop Music Mix),pop,post-teen pop
6jAPdgY9XmxC9cgkXAVmVv,Dr. Q's Prescription Playlist💊,pop,post-teen pop
4gbXqmZDUFHqlaYjf4uVyS,a taste of the mainstream,pop,post-teen pop
2ltt5ouiEO301o2jbxn30d,post teen pop,pop,post-teen pop
1CMvQ4Yr5DlYvYzI0Vc2UE,BALLARE - رقص,pop,post-teen pop
2Aud8PXoTGcyY5esHu4Aaz,Post Teen Pop,pop,post-teen pop
45AKTTGQEfYgAyidW5hucn,post teen pop,pop,post-teen pop
6rjxP7GQKoqqgoakzxl3PY,post teen pop,pop,post-teen pop
6HprqD6WZMx5peClrxaprN,Post-Teen Pop,pop,post-teen pop
3kvwJXPULhSUalL6ykJbn5,post teen pop,pop,post-teen pop
2KyjkYsSsC1UR75b0m98vd,Post-teen pop,pop,post-teen pop
4TvZA7Pml7mHLgbwNomlnm,post-teen pop,pop,post-teen pop
2a5i2ZtEXGKwVGL16J8N0p,Electro Pop | Electropop,pop,electropop
7kyvBmlc1uSqsTL0EuNLrx,Electropop Hits  2017-2020,pop,electropop
4Bi8VLtaSu0JILliif8lH6,Electropop 2019,pop,electropop
2UsEj2GUukV0GLbsE3rldz,ELECTROPOP,pop,electropop
37i9dQZF1DWSOvcBNdfJ87,This Is: Javiera Mena,pop,electropop
4frhr6RQM2fMOm2mpvOVo6,ElectroPop 2020,pop,electropop
5TiiHps0hNCyQ6ijVkNZQs,Electropop - Pop,pop,electropop
37i9dQZF1DWVT93EW7kPT9,This Is Janelle Monáe,pop,electropop
44p8nNLe4fGfUeArS3MaIX,ELECTROPOP🐹,pop,electropop
3FBD3d5zl74LaoBMVC4IXq,Electropop 80/90s,pop,electropop
2Z5cPJ6Z4EVZAfF08amjvL,Electropop,pop,electropop
7p30DzTAgW6OhspSXHTI88,Electropop And Play,pop,electropop
23swqzpOZwW1NhPiZ7iyFI,Mix ElectroPop//ElectroHouse// DeepHouse 2020,pop,electropop
3VfscqF7zq65IGKiYM3FS0,ELECTROPOP EN ESPAÑOL,pop,electropop
2nRWtTI9a2LWjJ9Wy3JZs5,"Maxi Pop  GOLD (New Wave, Electropop, Synth Pop...)",pop,electropop
53CmFroG6MWR5reOOXJX6B,Gothic / Industrial / Mittelalter / EBM / Futurepop / Gothik / Electropop,pop,electropop
65HtIbyFkaQPflCa4oW8KO,80's Songs | Top 💯 80s Music Hits,pop,electropop
31R7Gd07KsDafqJEeL4Hqr,GTA V - Radio Mirror Park,pop,electropop
0cuHKz65ZPqBX1brG8djlg,ElectroPop,pop,electropop
1kEczIkZH8IgaWT2BiApxZ,10er Playlist,pop,electropop
69yb02k0ZOmukYaxJXwp76,"Indie Poptimism (PUBLIC, The Band CAMINO, lovelytheband)",pop,indie poptimism
4NlAd9NpIa92IjErMyAriM,Chillout & Remixes 💜,pop,indie poptimism
6lWMi4lPiiPwDqn8ZpeyAY,POPTIMISM,pop,indie poptimism
7nHgmv7uyIA1KHj6qTttjH,The Sound of Indie Poptimism,pop,indie poptimism
6OaTudLqBEuTyUMPxRNpZc,Indie/Jazz Poptimism,pop,indie poptimism
5vIdb67lQcdFwoVkE4UMep,The Edge of Indie Poptimism,pop,indie poptimism
16RNbqnNCCLlBJti7JU5nc,2019 in Indie Poptimism,pop,indie poptimism
1pZWCY50kMUhshcESknir8,Indie Poptimism,pop,indie poptimism
4ZO0wp9G8FA3X6oYNBzda6,A Loose Definition of Indie Poptimism,pop,indie poptimism
6Ylmweq4pT7j3ScIv5uq1c,Intro to Indie Poptimism,pop,indie poptimism
6MQeEHHDs6HQkN5Dlj3oKo,indie poptimism🕺🏻,pop,indie poptimism
5qFXOOxrQVyS4UCq3UilZN,The Pulse of Indie Poptimism,pop,indie poptimism
49qyKvg6UAQAvIMUIGMnP3,random playlist that can't decide its genre so go ahead jam along with these catchy tunes,pop,indie poptimism
7Ic1UwucK3ozdycPBIPVSR,Indie Poptimism,pop,indie poptimism
4hKPJNFIhdAg4pAksn78FJ,Indie Poptimism!,pop,indie poptimism
1E5VdGGWkpDQ682gdvJAZH,indie poptimism,pop,indie poptimism
2QiMewRbSavfZ9MSAYz2h6,Indie Poptimism,pop,indie poptimism
5jROYSZSL7cO0jGAqkPx7C,Music&Other Drugs,pop,indie poptimism
744VClUYfFnZCDPcOUkg5G,Deep-deep Bubble Pop,pop,indie poptimism
21nxmipQe5xtXoHHPaYfnY,Indie Poptimism,pop,indie poptimism
37i9dQZF1DX0XUsuxWHRQd,RapCaviar,rap,hip hop
37i9dQZF1DX0SM0LYsmbMT,Jazz Vibes,rap,hip hop
37i9dQZF1DXc8kgYqQLMfH,Lush Lofi,rap,hip hop
37i9dQZF1DX1ct2TQrAvRf,RAP 91,rap,hip hop
37i9dQZF1DWWQRwui0ExPn,Lo-Fi Beats,rap,hip hop
37i9dQZF1DWY6tYEFs22tT,Hip-Hop Central,rap,hip hop
37i9dQZF1DWXJnyndhASBe,Generacja Hip Hop,rap,hip hop
37i9dQZF1DWUFmyho2wkQU,Hip-Hop Drive,rap,hip hop
37i9dQZF1DWT5MrZnPU1zD,Hip Hop Controller,rap,hip hop
37i9dQZF1DX48TTZL62Yht,Hip-Hop Favourites,rap,hip hop
37i9dQZF1DX0sDai2F5jCQ,A1 Hip-Hop,rap,hip hop
37i9dQZF1DWVdgXTbYm2r0,Hip-Hop Mixtape,rap,hip hop
37i9dQZF1DXdhDukKQ88Cc,DK rap,rap,hip hop
37i9dQZF1DWTIuAboZgTMf,This Is Logic,rap,hip hop
37i9dQZF1DX36Xw4IJIVKA,Lofi Hip-Hop,rap,hip hop
37i9dQZF1DX76t638V6CA8,Rap Workout,rap,hip hop
37i9dQZF1DWTggY0yqBxES,Alternative Hip Hop,rap,hip hop
37i9dQZF1DX36edUJpD76c,Modus Mio,rap,hip hop
37i9dQZF1DWTqYqGLu7kTX,Hip Te Hop,rap,hip hop
37i9dQZF1DWVFZbCNivv6B,Arena Hip-Hop,rap,hip hop
4lcyWQDOzPfcbZrcBI3FOW,Southern Hip Hop,rap,southern hip hop
206vi9Q0p3juAU73flxPsz,Southern California Hip Hop Primer,rap,southern hip hop
0tLHH1C4HkWEUCXXSSjbOe,Dirty South Rap Classics by DJ HOTSAUCE,rap,southern hip hop
2NMW1nwQYSVlXd26uLenX6,90's Southern Hip Hop,rap,southern hip hop
5wsWBmQgDtKa8CEg7wTEMi,90s-2000s Southern Hip Hop / Crunk,rap,southern hip hop
0DdGqNa18DwYyfIR05OrW1,Viral Southern Hip Hop,rap,southern hip hop
0Hr2h94pKN8QAGVAgD6BsD,◤ Hip Hop Dance Music – Urban – Trap – Breaking Locking Popping Bopping – WOD – World of Dance,rap,southern hip hop
44bkJI1QGkT2O0GYJSsbkp,Badass Rock,rap,southern hip hop
18jT9NMRZifv6cMtK2jWD4,The Sound of Southern Hip Hop,rap,southern hip hop
3nTS97zUqxJBQeiXNRs963,Southern Soul BBQ Mix,rap,southern hip hop
3jPkaExIWXQWklcmmF5180,"🔥💵 Hip Hop, Rap, Heavy 808's - New School",rap,southern hip hop
0VVH2Nzj6kBVGK3WIUQMAw,Minitruckin Playlist,rap,southern hip hop
0275i1VNfBnsNbPl0QIBpG,Hip-Hop 'n RnB,rap,southern hip hop
4IG024zoaGMurhTFBkMAv9,90's Hip Hop Ultimate Collection,rap,southern hip hop
5DyJsJZOpMJh34WvUrQzMV,HIP&HOP,rap,southern hip hop
3R5c1OfJY7Rzl3p28pzGtL,Southern Hip Hop,rap,southern hip hop
68y3WoFJMMKDHUIpqCnoM3,Contemporary Hip Hop,rap,southern hip hop
1QJ66s6YBZgxMUaVUyrhbo,3rd Coast Classics,rap,southern hip hop
57sYMLFXGD4ZqizzcMD7lz,Southern Hip Hop,rap,southern hip hop
4xJULuV0P5PLcMe3xP8Pgj,Southern soul & hip hop,rap,southern hip hop
5joQabz9ys3XPGbSx5CaKv,Gangster Rap,rap,gangster rap
0ZRwrJ2EDGyKR6YgQPWXeO,Gangster Rap Workout,rap,gangster rap
0u0qLLE8MZc679RZWCk1TT,Russian Gangster Rap,rap,gangster rap
2e0d7otcM1oyecfi3zZPWk,Gangster Rap | 100 % Gangster,rap,gangster rap
39IFMVQdRNdb7kVfyTvHjM,Gangsta Rap/90's Hip-Hop,rap,gangster rap
1qXg9ck25tBRxeXsj8mbDG,Gangster Rap Deutsch,rap,gangster rap
6m0BqpJfSP2m5xCOFjDRHw,GTA San Andreas Radio Los Santos,rap,gangster rap
5yGuoOwRQF3o8NVRRlvCj7,90s Hiphop / Gangsta Rap,rap,gangster rap
0BwUQpqHSlC2YfKwOp2dQV,Gangsta Rap 💎 Rap Party,rap,gangster rap
0t9TeyXE2mWe70JT3YwSoH,Oldschool Gangsta Rap 👑,rap,gangster rap
5GA8GDo7RQC3JEanT81B3g,GANGSTA Rap,rap,gangster rap
1g3APxk2mLVNU2TuHCPli0,90's Gangster Rap,rap,gangster rap
1Z1gW89x4MSBjkvVjGg7DQ,RAP Gangsta,rap,gangster rap
0Jw0HckkxCfIrOvpN081eV,RUSSIAN Gangster Rap,rap,gangster rap
62spXXfUxBed8nbd5xvH2O,Gangsta Rap/90's Hip-Hop,rap,gangster rap
3DUkl93JjPdOyX83SJr5ms,GANGSTA RAP,rap,gangster rap
0C2zyPdlkbWHrwVg9gqNdU,90s Gangsta Rap / Top Hip-hop Classics,rap,gangster rap
28Ke4pXWqF2A5b2GfQ1pQt,Mexican Gangsta Rap,rap,gangster rap
4sGnz2x5tbHE2YlW1nemfb,Rap Party 24/7 Radio / Gangsta Rap,rap,gangster rap
19WuHd4MxWLzE1fpMmw4S4,< DARK TRAP >,rap,gangster rap
37i9dQZF1DWXU2naFUn37x,Zona Trap,rap,trap
37i9dQZF1DWWr5uieiPUVM,Trapperz Brasil,rap,trap
37i9dQZF1DXde9tuMHuIsj,Trap Land,rap,trap
37i9dQZF1DWY3UKS6jvnxr,Trap strefa,rap,trap
37i9dQZF1DWUmxBdWX3Pp4,Trapperz,rap,trap
0NCspsyf0OS4BsPgGhkQXM,Trap Nation,rap,trap
37i9dQZF1DX4OjfOteYnH8,Flow Selecto,rap,trap
37i9dQZF1DWXrVH01e3PIE,Trapperz Argentina,rap,trap
37i9dQZF1DX1OIMC8iDi74,Trap Mojito,rap,trap
37i9dQZF1DWYBXtbGSCurj,Trap Ouro,rap,trap
37i9dQZF1DWTGaQ84g8alz,Trap Funk,rap,trap
37i9dQZF1DX0JcH25923HT,Trap Rewind,rap,trap
37i9dQZF1DXcC6YLqj8ET8,Arabic Trap,rap,trap
7kzKtw5vug3IIxKfLadi8A,Sad Trap,rap,trap
37i9dQZF1DWWlW7KLhEhCZ,Dose Trap,rap,trap
5aPwKjwNHr6dnCejLcPTVx,Trap Nation 🔊,rap,trap
6ltss0ThreZ3uIMn5mr4Tm,Trap Argentino - Trap Argentina,rap,trap
37i9dQZF1DWTLxOkM7PwUb,Trap Luv,rap,trap
37DFLy7lqF3qiR99Ss2ZGR,Trap 2020 🔥,rap,trap
7tkgK1tm9hYkWp7EFyOcAr,Trap Americana,rap,trap
37i9dQZF1DX74DnfGTwugU,This Is Guns N' Roses,rock,album rock
22XKr7O6bzSA5bHiwRCPNK,Michael Learns To Rock album,rock,album rock
0KNLLunbFh9XgitPMOGmQg,The Black Album,rock,album rock
3j2osvmecEao5nmo9jZ5df,City Pop 1985 シティーポップ,rock,album rock
4E3K9oQgvLcKEz0wgBBXxD,The Cranberries Best Of,rock,album rock
6BKqPGcrFMy6TczW0R5Vsz,Vault: Def Leppard Greatest Hits,rock,album rock
0XOIK4m26aeYSD61E5nSVW,80s Pop & Rock Hits and Album Tracks,rock,album rock
2gpKfzXEi8QWvgBNPDPk5R,Rock and Rios,rock,album rock
7GhTpb4eOp6403Bmgqz3db,Progressive Rock / Metal - Rock /Metal  Progresivo,rock,album rock
6LJtRKgDpzM8ZbbwC0jLhe,Mega Rock Ballads: The Best Slow Rock Compilation Ever !,rock,album rock
1bMYfBHYBCRHY5LGkjlpSy,House Of The Rising Sun,rock,album rock
6h9DHd1pHHiK84cQqJZyIp,Coldplay – Ghost Stories (Deluxe Edition),rock,album rock
1uKFRCQYci8kVgMy3xzTVH,70s Pop & Rock Hits and Deep Tracks,rock,album rock
0jilq2XZP9F2fwzp2k6iXK,L' ALBUM ROCK,rock,album rock
2gt9IfM8ASNiDzqg5jKyR5,ONE OK ROCK with Orchestra Japan Tour 2018 Setlist,rock,album rock
3E88dLx4fgFYY70gdGzdnB,The Queen - La Discografia Completa,rock,album rock
3opIxv3Y5GmXDNpbLFZxIm,Soda Stereo – El Ultimo Concierto,rock,album rock
5d1arTPDEr76KMg9geDinZ,Nikki Sixx's Top Pixx,rock,album rock
3yj9YnQGTdnFuKbDyXGDi6,The Sound of Album Rock,rock,album rock
3kysJw7lvVwSoOaL0KyW94,Caifanes La Historia,rock,album rock
37i9dQZF1DWXRqgorJj26U,Rock Classics,rock,classic rock
5BygwTQ3OrbiwVsQhXFHMz,Classic Rock,rock,classic rock
37i9dQZF1DXdOEFt9ZX0dh,Classic Rock Drive,rock,classic rock
37i9dQZF1DWYNSm3Z3MxiM,Classic Rock Workout,rock,classic rock
37i9dQZF1DWYDQ8wBxd7xt,Pinoy Classic Rock,rock,classic rock
37i9dQZF1DX0fWtUuB7bFE,Classic Rock Now,rock,classic rock
37i9dQZF1DX6TIU4D13lOY,Soft Rock Drive,rock,classic rock
6oghIlByD49KFGNmNU8GSH,Supernatural Classic Rock,rock,classic rock
3NcxM1LJJdua8AcRxtijNY,Classic Rock Legends,rock,classic rock
3Ho3iO0iJykgEQNbjB2sic,"Classic Rock 70s 80s 90s, Rock Classics - 70s Rock, 80s Rock, 90s Rock Rock  Classicos",rock,classic rock
0QUlq0LMDVXSBtbyYLTyZh,Southern Rock/Classic Rock,rock,classic rock
29dTrOurPDrMcrnio2q6hZ,80s / Classic Rock,rock,classic rock
37i9dQZF1DWVyizF9BJ61m,Afro Psychedelica,rock,classic rock
6gUFdcGzKAHyDXY9TKC6cP,Classic Rock Retrogamer,rock,classic rock
37i9dQZF1DX1lwxXvReaux,Workday: Rock Classics,rock,classic rock
6TeyryiZ2UEf3CbLXyztFA,Classic Rock Greatest Hits,rock,classic rock
56dbowk1V5ycS5jW7DSvi5,Blues Rock,rock,classic rock
76lrxCrKrGDkDDf3SVPnl3,70's Classic Rock,rock,classic rock
4lIywN6kXl9KPm3OQ8u8G7,Classic Rock Radio,rock,classic rock
7CESj1xKbxdArRzloygvkl,Classic Rock Playlist.,rock,classic rock
4EYSGTuqe9cVfSVpX4gtGv,The Sound of Permanent Wave,rock,permanent wave
0tOy7ZY4E2PadXIyj8zU43,Permanent wave,rock,permanent wave
0dAbaJtkS9st5o0cBe1Zcu,"Muse Radio - (Uprising, Starlight, Supermassive Black Hole, Madness)",rock,permanent wave
5Go0Jsxj1UnsU7Om841BEo,Permanent Wave,rock,permanent wave
2ExyzXAbukW7I8bDqdGvPB,Permanent Wave,rock,permanent wave
0QN4FeJQ1mpCygRg9r2JIK,Permanent wave 🌊,rock,permanent wave
7rPsfDTqiZYIT4PVzQ4c0c,permanent wave,rock,permanent wave
4PjiT7SWnUsTTTvKOuR76f,keg party jukebox,rock,permanent wave
5glAD13obyL0G9SH9ukBz2,Permanent Wave,rock,permanent wave
3QGjcvI9hCZw81NqKq3ZGv,Intro to Permanent Wave,rock,permanent wave
6dqoVI7qwYLyNqbg0MPad3,Permanent Wave,rock,permanent wave
2foj4ZYVHRGqSd1aMqNPBj,Permanent Wave CHDB,rock,permanent wave
2bOjjgN1S3Gqd8vSMyafvJ,②⓪①⑨ mixed,rock,permanent wave
6CgjYkPIWTxJi8RtPcki02,SNZB PERMANENT WAVE,rock,permanent wave
3e6gYPyrTbaB8BWgSHCt5j,I didn’t know perm stood for permanent (wave),rock,permanent wave
3uFyGoayrP71xS6T6Y8Bh2,permanent wave,rock,permanent wave
1VnvyBDqoV5TCZAnXYferL,Modern Indie Rock // Alternative Rock / Garage Rock / Pop Punk / Grunge / Britpop / Pop Rock,rock,permanent wave
0VS9w0NY4KXfLORkhY81s8,Permanent Wave Cafe,rock,permanent wave
3HjTMn6O6adW8vcSMnqmhw,"""Permanent Wave""",rock,permanent wave
03qQtbNHoJuFezRu2CnLuF,Permanent Wave,rock,permanent wave
37i9dQZF1DWWJOmJ7nRx0C,Rock Hard,rock,hard rock
37i9dQZF1DX1X7WV84927n,Hard Rock,rock,hard rock
37i9dQZF1DX68H8ZujdnN7,’80s Hard Rock,rock,hard rock
3YouF0u7waJnolytf9JCXf,Hard Rock Workout,rock,hard rock
5nOO372uzpOM5rB2bRWfkp,Hard Rock Workout,rock,hard rock
37i9dQZF1DWViGKI2U5P2K,This Is Scorpions,rock,hard rock
55ybnG2z8rpTIerRfnCsw6,HARD ROCK CAFE,rock,hard rock
3sv5ViKoPDNnZRsklzEGMN,Hard Rock Cafe Classics,rock,hard rock
6kXNv8J3HCYztxjOIUzApv,Hard Rock Workout,rock,hard rock
5nQrMpkyWmxPX0gk74htMk,Hard Rock Workout!,rock,hard rock
1gAeQGQ7hr2q7IYmaejDW6,Classic Hard Rock,rock,hard rock
4TG1lzMD9HFvZ9E1Bk6Gnu,Workout Hard Rock,rock,hard rock
5hvf4yL105Rw6cvCP6AMjM,Rock Hubspot,rock,hard rock
28817h8FTrRI4V40DqHVaB,HARD ROCK Vibes,rock,hard rock
64BvJcehegyvhqQtV82Ddz,New Hard Rock,rock,hard rock
0y8MUle9Lf8VDNjPsskzJB,Rock Ballads 80s 90s | Best Rock Love Songs 80's 90's Music Hits,rock,hard rock
6pZlZ20vt3aDjIKw98aBtQ,70s Hard Rock,rock,hard rock
1NIX36ZFWEtgXSbSNghoue,Hard Rock Classics 1967-1991 (Party Edition),rock,hard rock
0EmGNFBBgqLmvdQGPbgiMp,2000's hard rock,rock,hard rock
37i9dQZF1DX0AMssoUKCz7,Tropical House,latin,tropical
37i9dQZF1DWYey22ryYM8U,Paraiso Tropical,latin,tropical
37i9dQZF1DX3fXJqxGjuEP,Vibra Tropical,latin,tropical
37i9dQZF1DX6RA5ZrA5a23,Tropical Vibes,latin,tropical
37i9dQZF1DXd8Gn5cSmvFy,Tropical Vibes,latin,tropical
37i9dQZF1DWZ1FUX6sM67g,Punto Tropical,latin,tropical
37i9dQZF1DWZ8fJXMbebf9,Orgulho Tropical,latin,tropical
2SRbIs0eBQwHeTP7kErjwo,Tropical House 🏝 2020 Hits,latin,tropical
06zrBJ5cts5aemZmqe80J7,Tropical House 🌴,latin,tropical
0TT57Pe3RZNGCy98G1UQpM,TROPICAL🌴,latin,tropical
37i9dQZF1DX07X8UDWKEwP,Tropical Rising,latin,tropical
37i9dQZF1DXbtuVQL4zoey,Sunny Beats,latin,tropical
37i9dQZF1DX0ES2mnOVvai,Tropical Nights,latin,tropical
37i9dQZF1DX1bDvyV0IkZ3,Tropical Beats,latin,tropical
3YdAwfgQLMS4AN2WjRfRlb,Tropical House Remixes 🍍 Tropical Remixes & Tropical Covers,latin,tropical
2oivDYqm1dQK4KbwVJTaf6,Tropical House 2020,latin,tropical
0vbtbmyihyvl2MVYrdKdGw,Tropical Morning,latin,tropical
2v41efarffe6iY8qpMK5Gj,Paraíso Tropical,latin,tropical
3pS63EDS40FVGYL41zAcU4,EDM TROPICAL,latin,tropical
37i9dQZF1DWSTc9FdySHtz,Tropical House Run 190 BPM,latin,tropical
37i9dQZF1DX6ThddIjWuGT,Latin Pop Classics,latin,latin pop
37i9dQZF1DX1QnNyJOBQBv,Latin Pop VIP,latin,latin pop
37i9dQZF1DWUxHPh2rEiHr,Global X,latin,latin pop
37i9dQZF1DX8womvTyUjrN,Latin Pop Rising,latin,latin pop
2kKzN3kRYDzBctlaWs7CP2,LATIN POP 2020 🔥 Pop latino actual,latin,latin pop
6IS6XTdbS9qJZgfjNKgpB8,MIX LATIN POP°,latin,latin pop
37i9dQZF1DXarsfY89zXC6,This Is Gloria Estefan,latin,latin pop
4BmnnqWEQAamNoVjtjrQJP,Latin Pop antiguo,latin,latin pop
5NTm3injIRkUMROsZr3C2O,Unplugged Hits 📣,latin,latin pop
5uOMV7g6vp8WxoqXfkzKaw,Latin Pop Songs,latin,latin pop
3CzQZEf6jmEjDmBIVO9rdR,F**KIN PERFECT,latin,latin pop
5ifDekrUt5lbSIMTSzNNqB,Pop Latino 2019 - Mix Canciones Reggaeton & Pop Latino - Pop En Español 2019 Musica Para Bailar,latin,latin pop
4JkkvMpVl4lSioqQjeAL0q,2020 Hits & 2019  Hits – Top Global Tracks 🔥🔥🔥,latin,latin pop
0HD4Pc1PK8fsyKQq9e2U2v,INDIE POP! TUNES,latin,latin pop
6Hbd65HmEAxTJ3cHZNUz2h,RADIO POP CHARTS,latin,latin pop
2v3I1zS56Y0cNHYsOAiCGV,LATIN POP- DJ GIAN,latin,latin pop
2kY6lVc5EcVfI5WNKmPQQG,Fiesta Latina Mix 🎈🎉💃🏻🕺🏻☀️🏖,latin,latin pop
0k2IDDkcVyIpIgE6d1woDM,Exitos 2020 - Latin Billboard,latin,latin pop
5wONX0lVyQE5XTxqjTUiUd,Latin Pop 2019,latin,latin pop
5SO7xYih5w8X5FEpKvU7Rt,Great Pops,latin,latin pop
37i9dQZF1DWY7IeIP1cdjF,Baila Reggaeton,latin,reggaeton
37i9dQZF1DWZjqjZMudx9T,Mansión Reggaetón,latin,reggaeton
7xWuNevFBmwnFEg6wzdCc7,Reggaeton 2020 ☀,latin,reggaeton
37i9dQZF1DX8SfyqmSFDwe,Reggaeton Classics,latin,reggaeton
37i9dQZF1DWUlCmB8llCTB,Perreo City,latin,reggaeton
37i9dQZF1DWVskFRGurTfg,De Fiesta,latin,reggaeton
37i9dQZF1DWVOLXBOylBUZ,El Ritmo,latin,reggaeton
37i9dQZF1DX10zKzsJ2jva,¡Viva Latino!,latin,reggaeton
37i9dQZF1DWWU6Rfto8Ppm,Reggaeton De Ayer,latin,reggaeton
0T47pLnihK4xB8Bk9IQ0Dv,Tusa - Karol G | China - Anuel AA | Estrenos Reggaeton y Música Urbana 2019,latin,reggaeton
37i9dQZF1DXdnGF35OawbN,Verano Forever,latin,reggaeton
37i9dQZF1DXco4ODkIraMD,Reggaeton Rewind,latin,reggaeton
42E6uFhL4e2nXmbmeigwXb,REGGAETON ANTIGUO 🔥,latin,reggaeton
37i9dQZF1DXd8p9XRfIfUn,Academia Reggaetón,latin,reggaeton
31hG19URdBvLEpQWKFYfdD,REGGAETON VIEJO,latin,reggaeton
4csIMGPI3aGo3Xy7WG8jBi,Todo Reggaeton,latin,reggaeton
03sDEv7FN58Mb9CJOs1Tgn,Reggaeton 2020 😍 🔥,latin,reggaeton
0si5tw70PIgPkY1Eva6V8f,Reggaeton viejito🔥,latin,reggaeton
37i9dQZF1DWYBUdckfg1va,This Is: Don Omar,latin,reggaeton
3nH8aytdqNeRbcRCg3dw9q,latin hip hop,latin,latin hip hop
2MYEUjX0YAI9dxrBDzoCK7,Latin Hip Hop/Freestyle,latin,latin hip hop
3o3xRXWMtBMezk0E3wmtGI,Chicano Rap,latin,latin hip hop
1KNl4AYfgZtOVm9KHkhPTF,Global Top 50 | 2020 Hits,latin,latin hip hop
3JcJCsvBnRsA6oc7eUYDSB,Latin Village 2019,latin,latin hip hop
0VsVywryrqLhHmsVFVcOAg,Urbano: Latino Vibes,latin,latin hip hop
51LvliKED7oZNJR8XCiPip,Latest Latin American Hits 2020,latin,latin hip hop
6hIDPF658AhRbxr8HN7OeA,Latin Hip Hop & Rap Playlist 2019,latin,latin hip hop
3gV6KQYZKIuoWml0094vx6,Pop 2009-2011,latin,latin hip hop
2rg9LCyvaMQvnCE2hVndpR,Latin/Hip Hop/Dancehall/Soca,latin,latin hip hop
1oReEujyWpQv2OX68BVPPA,80's Freestyle/Disco Dance Party (Set Crossfade to 4-Seconds),latin,latin hip hop
6a66cg3HcsjYkisYyQcov6,Today's Hits 2000-Present,latin,latin hip hop
7EPbNmUW9nkRplDLSN9te4,VidaLoca - Latin / Raggaeton / Hip Hop ©,latin,latin hip hop
1d0fonZHpN4LYHTKbmNRbm,🔥🦁 GOOD VIBES ONLY 🦁🔥 // BROEDERLIEFDE || FRENNA || BROEDERS || HENKIE T  || BIZZEY || POKE \\,latin,latin hip hop
396llvvFOIB9jgPg0kqNDb,LATIN FLOW MIX - Música Cristiana🎵,latin,latin hip hop
3hR2R6szlkwZeGyclTgHcF,"Hot Latino Mix (Latin, Hip Hop, Rap, RnB, Dancehall, Reggeaton, Afro)",latin,latin hip hop
5fWgI0IJ1el5NB1sZ0Egsx,HIP-HOP: Latin Rap ['89-present],latin,latin hip hop
0SqaMfNsngZCpPw0UuelA7,School Dance 2019 (Squeaky Clean),latin,latin hip hop
2hTs6GuPwhmg4ApNqxWXLE,Los Cangri,latin,latin hip hop
5WNUX6jisX0NRlVDTm6RDd,New Hip Hop‏‏​​   ‍,r&b,urban contemporary
6wyJ4bsjZaUKa9f6GeZlAO,Contemporary Urban,r&b,urban contemporary
4EKXjB5zlv2DpTS84h407H,URBAN NATION,r&b,urban contemporary
1fqkbjEACMlekdddm5aobE,Most Popular 2020 TOP 50,r&b,urban contemporary
4I6rTSxqKl1LRvES2O9owQ,New R&B‏‏​​   ‍,r&b,urban contemporary
4Gc9TFxlqmoe50m9Yy78ei,Top Urban Underground,r&b,urban contemporary
4Pbs84EQbuAblxlp6Chz0d,Urban Contemporary,r&b,urban contemporary
07zF8MjQPsiYUXiAIGZ5TA,The Sound of Urban Contemporary,r&b,urban contemporary
0UXwwVDipbBQeEX7h4YuKU,Chixtape 5 - Tory Lanez,r&b,urban contemporary
7en9i0JMyJlRFX4r4XrXXx,urban contemporary,r&b,urban contemporary
1ZlL3IQS8eB0s0RMxz02yD,Urban contemporary,r&b,urban contemporary
0qOJuaqHeg4u1i6gjPKnxE,Urban contemporary,r&b,urban contemporary
6HaCi9bqaiuSZEDfCEmwyo,PROJECT: Contemporary,r&b,urban contemporary
5CK0fshHcik1vWyeCc0zat,Urban/Trap - Contemporary RAP,r&b,urban contemporary
4WiB26kw0INKwbzfb5M6Tv,urban contemporary,r&b,urban contemporary
1nFfDHtp8RY3obgen8KODl,urban CONTEMPORARY,r&b,urban contemporary
0pItJZBDZFvgAOdFnSITnJ,Gospel,r&b,urban contemporary
4425cRh83Uzor4qCRfM9lb,Urban Contemporary,r&b,urban contemporary
6VWXakL2ojgiVC01I271e2,Cuban vibes only,r&b,urban contemporary
1S7BckuYIkEazeNKOSM0uA,The 1950s/1960s/1970s/1980s/1990s/2000s/2010s with pop/r&b/soul/boogie/dance/jazz/hip hop/hop/rap.,r&b,urban contemporary
37i9dQZF1DX2vsux22VuNL,Brisa Pop,r&b,hip pop
5TDtuKDbOhrfW7C58XnriZ,Pop Hits 2020,r&b,hip pop
37i9dQZF1DWTc5QDlvD7t0,Ultimate Indie Presents... Best Tracks of 2019,r&b,hip pop
37i9dQZF1DWTDafB3skWPN,Feeling Accomplished,r&b,hip pop
7ccXu2NL5YPa7PVgnQxR1j,Pop / Hip-Hop: Gas ⛽️,r&b,hip pop
3xMQTDLOIGvj3lWH5e5x6F,Charts 2020 🔥Top 2020🔥Hits 2020🔥Summer 2020🔥Pop 2020🔥Popular Music🔥Clean Pop 2020🔥Sing Alongs,r&b,hip pop
37i9dQZF1DX4F2k37fMTyn,Girl On Fire,r&b,hip pop
1Sc7bobknESH7SXQcnmoX5,Hip pop,r&b,hip pop
5XQopnmKZnE6RjR6NIzbPS,Nidza Bleja - English HIP HOP/POP Songs,r&b,hip pop
0Ar0Ng9DlAWZtSPBvOQgOa,90s/00s Hip Hop & RnB,r&b,hip pop
2CJsD3fcYJWcliEKnwmovU,TOP 50 GLOBAL 2020 UPDATED WEEKLY 🌍🎶 WORLDWIDE,r&b,hip pop
3tmx4p5RGlOV1AapXOt1Ze,Hip Pop 2019,r&b,hip pop
37i9dQZF1DX56crgoe4TG3,Bluegrass Covers,r&b,hip pop
7FqZlaYKkQmVnguJbHuj2a,"Latest Hits 2020 - Pop, Hip Hop & RnB",r&b,hip pop
6kVFIQBhLT4003iw2WWEv1,Musica Italiana 2020 - Playlist Pop & Hip-Hop (Canzoni Italiane 2020),r&b,hip pop
7ENISpOJhocpMJVcGb0qcT,Today's Hits (Clean),r&b,hip pop
7ozFIvz1bE1HPgQTUl5qfT,Smooth Hip Hop,r&b,hip pop
4RFszTXlSMZFgpqIJS3754,Fresh Essentials,r&b,hip pop
3ykXidKLz1eYPvuGoFlD1e,New Jack Swing,r&b,new jack swing
79xd4wnVuKZK4rJMsL2wPa,New Jack Swing - 90s R&B fused w Hip Hop,r&b,new jack swing
4sji14lrB5bgcr51lPALYH,New Jack Swing/ R&B Hits: 1987 - 2002,r&b,new jack swing
0dmInkymNnOTWvEFamSNzb,90's NEW JACK SWING,r&b,new jack swing
3krpccUV68nBGAQbvHEZDC,"Swingbeat (old skool), New Jack Swing, R&B, Hip Hop, Urban",r&b,new jack swing
6RLvj5OnEuPzI1P02KwnzK,New Jack City,r&b,new jack swing
7LjRWGUdOmBdPG1W1bga4i,90s R&B - The BET Planet Groove/Midnight Love Mix,r&b,new jack swing
3m4z6komWDtKly3Q1FvFmN,New Jack Swing | The Best 👌,r&b,new jack swing
1dsaMvnC1hXPCNGC4aVtjj,Ultimate Throwbacks Collection,r&b,new jack swing
3a9y4eeCJRmG9p4YKfqYIx,"Back in the day - R&B, New Jack Swing, Swingbeat, RNB..etc.",r&b,new jack swing
4nX6BscFtR1CozSCfv2cuR,New Jack Swing,r&b,new jack swing
4sr2xEhXQR5VuZ0LZX8TQ8,CSR 103:9 (GTA: SA),r&b,new jack swing
63Y9Sk7Twusm6ZNssHxKaa,Best of New Jack Swing,r&b,new jack swing
30z5uGyqurJn0NtkZ9e8BT,New Jack Swing -late 80's & early 90's Hip Hop and R&B,r&b,new jack swing
0zn8nuASKC0PISqD9mxCSV,The Sound of New Jack Swing,r&b,new jack swing
4mciQwEuqaUMwIWKcDMFW0,The New (Jack Swing) Testament,r&b,new jack swing
3X4HmijjKdwwLonCrOOEAZ,80s-90s R&B / New Jack Swing / Funk / Dance / Soul,r&b,new jack swing
7bdhfXlbfml9CuNn5c7372,Kenny B's Ultimate New Jack Swing Mix,r&b,new jack swing
2Ey63yNQeC9Yto7JwX9BGJ,R&B 80's/90's/00's,r&b,new jack swing
0WicovBbxeB0nvQC6IfuaT,1987-1997 OLD SKOOL JAMZ,r&b,new jack swing
37i9dQZF1DX44dZ4p5QLf4,I Love My Neo-Soul,r&b,neo soul
78RRvktrPMSqAoCI21mNOe,Neo Soul Music,r&b,neo soul
1eqVgsNjaX6mxDPoefhocT,Neo-Soul,r&b,neo soul
0aS9YCNTNrDiMNa9tT49RG,Neo-Soul Guitar,r&b,neo soul
0r5ojPhjqGVq21oQR13UJy,NEO SOUL GUITAR,r&b,neo soul
07SNJ4MwYba9wwmzrbjmYi,Neo Soul / Modern Jazz / Smooth Hiphop,r&b,neo soul
3q3M4VCymcMoxJ3Tl7mRqN,NEO-soul,r&b,neo soul
0JmBB9HfrzDiZoPVRdv8ns,Groovy // Funky // Neo-Soul,r&b,neo soul
6FZYc2BvF7tColxO8PBShV,Christmas Soul,r&b,neo soul
4F3xAxHxeBwXhK6k6GPnrW,Neo-Soul / Soulful R&B,r&b,neo soul
44d7ppo4cggZJmzH2WOhAc,Neo Soul 2019,r&b,neo soul
2WbTrS5D0V2TW6DiDkJBru,NEO FUNK AND SOUL,r&b,neo soul
2YPP7fiYu5pIcp2yyHvw4A,Neo Soul,r&b,neo soul
2ujrP2rPxu8ao7wNeG1ZOY,Saxophone in Hip Hop - R&B Lounge - Jazz Rap,r&b,neo soul
4zNayWuATXCAA9gaXvnFnq,Japanese Funk/Soul/NEO/Jazz/Acid,r&b,neo soul
48AzM7l4M02DBYd2N3IFLP,Neo-Jazz Soul RnB & Afro,r&b,neo soul
2wP2UAYC4Nqb6oUXkMJlAz,Gospel Neo Soul,r&b,neo soul
16iNEskDatG5KbDV16F6LR,Soul Coffee (The Best Neo-Soul Mixtape ever),r&b,neo soul
0DIwi1dMI59NItQtiNcevy,Neo-Soul Essentials,r&b,neo soul
5EMARioe9z9eKOeWIAC2JW,Sexy Soul 2020,r&b,neo soul
317O0e8iWJLClLGDKtieRe,Electro House 2020,edm,electro house
1G0q0NK7g3C0XerNqq7GbL,Electro House Top Tracks,edm,electro house
37i9dQZF1DX2VvACCrgjrt,Nasty Bits,edm,electro house
6nZaTh6K1SwhdELFTmA99C,Electro Posé - Discoveries,edm,electro house
3QEYvCsVXZj8KuzE0bDmcI,Techno House 2020 👽 Best Collection 👻 Top DJ’s Electronic Music - Deep House - Trance - Tech House - Dance - Electro Pop,edm,electro house
25ButZrVb1Zj1MJioMs09D,EDM 2020 House & Dance,edm,electro house
0wHHL0TLztL3muzXLCDTQP,Electro Vibes,edm,electro house
5M7xLCQTYJL0lbKIrUn3a4,Electro Swing Top 100,edm,electro house
3Dr4NKbsFQ2m7tmPxGRroO,Electro Swing,edm,electro house
6k45gxiQhfVqACfIdqONsC,Electro House,edm,electro house
1N5dPU0Ca9N9AwBbUeyzX5,ELECTRO HOUSE 2020,edm,electro house
54XvQQsViMBwjO1ws2o2wx,New House   ‍,edm,electro house
2Tisn6NZbeofpc57Oc6MGo,Jeff Seid Electro House,edm,electro house
5GiPRvTccToqwOzkoAcDrY,Crossfit‏‏​​   ‍,edm,electro house
4pVZ70y8vzzkn2GVwQbQw8,Electro House - by Spinnin' Records,edm,electro house
0AFYmoSuoMQiGGjzvBwr6u,💊ELECTRO-HOUSE-TECH💊,edm,electro house
6KnQDwp0syvhfHOR4lWP7x,Fitness Workout Electro | House | Dance | Progressive House,edm,electro house
7sq6nuruoMyDhEWkX2oYOg,Club Mix 2020 🍹,edm,electro house
72r6odw0Q3OWTCYMGA7Yiy,House Electro 2019,edm,electro house
4GSiiL8tcMgvoV7K1IADb8,🔊BASSBOOSTED🔊⚡ELECTRO HOUSE⚡🔥EDM CAR MUSIC2018/2019🔥,edm,electro house
3S03NWbWkrR1e7DPH9rf9Z,Big Room EDM,edm,big room
3PNyCpkY7NAXyhopBpj7vc,Big Room Beast,edm,big room
5Bx5niVgi3qGQQw06C0RKq,Big Room House | Festival Bangers,edm,big room
6vbHQdtfmexb0ptmBSpemm,PAROOKAVILLE - Big Room,edm,big room
2EnVd4ugXUybVQoQrarICY,Big Room House / Bigroom,edm,big room
7xWdFCrU5Gka6qp1ODrSdK,Big Room EDM - by Spinnin' Records,edm,big room
4QtO2XySphMOJt7pX0yaVi,BIG-ROOM NEVER DIES !,edm,big room
6mMk6QCzEgT3QGaCV1R4S5,Dancefloor Beats,edm,big room
08QTrfsYYouffgnPjmllAQ,Bounce United,edm,big room
37i9dQZF1DX8SaiEt4OVJw,Locker Room,edm,big room
4R4c3WdN1Any2Q1NSuec3r,Sick Big Room House Drops | EZUMI,edm,big room
2oalsaFUockoPf1DU3wrL8,big boom room — TOMORROWLAND EDC EDM BIG ROOM AMF ADE DANCE TRANCE HARDWELL TIESTO,edm,big room
2yofeyPwe0ZNmJHTrGz2Qt,Trance Party 2019 by FUTURE TRANCE,edm,big room
0COM4nZqdXC3sMjVdcaU7V,SINULOG Festival 2020,edm,big room
71UHE27ayQs8ZDxQwY0cY1,[EAS]: Festival Big Room,edm,big room
5FhhmunkvwTAsGaiXpRHkJ,Big White Room-Jessie-J,edm,big room
7vJOXFe40axY7qS39vGDyH,Big Room House,edm,big room
6pPpLz42hUkr8gbMirkAEl,ALPAS Music Festival,edm,big room
49EXQVXh5k1t8SOhmUeyU7,Epic Bass Drops,edm,big room
6SrHyxIxWfQx9ISEr6yowk,Big Room 2019,edm,big room
2fbrY1tuoW8Uji14H7623k,@deniceemoberg EDM - POP REMIXES,edm,pop edm
5CTzufLc0f6MufjKYrIaoO,EDM House & Dance,edm,pop edm
4aUEH3uhbofktrFkXOOaKj,Pop EDM Remixes,edm,pop edm
1T0ed6Mg0QIruHvcoWWIKy,EDM 2019,edm,pop edm
64k01l4j6QtnZ8jMaI84AA,Waves Pop and EDM,edm,pop edm
6mtYuOxzl58vSGnEDtZ9uB,Pop Hits 2000-2019,edm,pop edm
0cvVad4XizGbOS0vlwZYS5,EDM - pop remixes,edm,pop edm
5HmZtuuIDMtIy21kylqhx6,Verão 2020 | Pop | Funk | Sertanejo | EDM | Top Hits 2019 - As Mais Tocadas,edm,pop edm
2DjIfVDXGYDgRxw7IJTKVb,2010 - 2011 - 2012 - 2013 - 2014 - 2015 - 2016 - 2017 - 2018 - 2019 - 2020 TOP HITS,edm,pop edm
37i9dQZF1DWUXxc8Mc6MmJ,K-Crazy Michioso Tunes,edm,pop edm
7CEEEMKV41x0RlFCXWdvKF,EDM Trap,edm,pop edm
6UJw1egIcZVfrBmcKs5uHH,2015 songs,edm,pop edm
5EgzhnSirHRvu1AqlFLllv,Pop EDM,edm,pop edm
67cpuBAXjwibm3LG333Oaq,Tastemakers Ball  -  EDM - POP and FUN,edm,pop edm
2d3oOPO0csDU40JyiGwFaF,EDM Pop,edm,pop edm
3d2JFEbvcx7p2CHkBaQeMZ,Happy EDM,edm,pop edm
6gHk5RFrnALbDNJdaXKivi,EDM/POP,edm,pop edm
2JPzPB9jnvJLAYtmCbvZy8,Selected House,edm,progressive electro house
5CMvAWTlDPdZnkleiTHyyo,Deep Electronic Music 2020 & Progressive House,edm,progressive electro house
5QaPRbVgbEcCc9jC1UxgD1,Female Vocal EDM,edm,progressive electro house
5PCAWKfUWAUj8VeY8G7xRQ,Vocal House,edm,progressive electro house
1lSdljPk8zcAdXVMUduDia,Hands Up‏‏​​   ‍,edm,progressive electro house
42jbIN5Zj0UUPdtmqxQRKF,House/Electro/Progressive/Disco/Lofi/Synthwave,edm,progressive electro house
7fRlDx99wBg6i45OCvxwKY,Alex Workout,edm,progressive electro house
53Ga3Xt9fumdJfhNNSBvzU,2011-2014 House,edm,progressive electro house
1HtnPDj2V126xB9tJP786P,Electro/Progressive/Club House,edm,progressive electro house
0MhTMIo1bgH6zzPh7BdChT,CHRISTIAN ELECTRO / DANCE / EDM,edm,progressive electro house
4IS7o1utOzhimFEFnj9gmu,Epic Bass Drops | Best House Mixes,edm,progressive electro house
2dNitDEHM9FpUGEHWc7zyW,Brand New EDM,edm,progressive electro house
0o5gKmuET7F3lQnpFxvPO8,"Electrónica, Progressive House, Electro House y más 🎧",edm,progressive electro house
5BqOZpVEqRDfZScvW1QUyA,Gym (Melbourne Bounce/Progressive House),edm,progressive electro house
0FCHg9zJMNNiOokh3hVcxd,Fresh EDM | Progressive House | Electro House | Trap | Deep House | Electronic | Future House/Bass,edm,progressive electro house
73uj4YmsC7SJ6SbUMTvf07,"Festival Music 2019 - Warm Up Music (EDM, Big Room & Progressive House)",edm,progressive electro house
29jj7pQlDqnWclbHQk21Rq,Underground Party | Hypnotic | Minimal | Acid | Big Room | Tech | Liquid,edm,progressive electro house
4N1ipiKR3xla8UXtE12XBm,Trending EDM by Nik Cooper,edm,progressive electro house
6jI1gFr6ANFtT8MmTvA2Ux,♥ EDM LOVE 2020,edm,progressive electro house
